case_key,index_key,window_size,model,config_index,config_key,config_summary,config_json,tune_MAE,tune_RMSE,tune_R2,tune_n,tune_close_MAE,tune_close_RMSE,tune_close_R2,tune_close_n,tune_close_MAE_pct,tune_close_RMSE_pct,tune_abs_error_pct_mean,tune_error_pct_bias,tune_windows,eval_MAE,eval_RMSE,eval_R2,eval_n,eval_close_MAE,eval_close_RMSE,eval_close_R2,eval_close_n,eval_close_MAE_pct,eval_close_RMSE_pct,eval_abs_error_pct_mean,eval_error_pct_bias,eval_windows,mean_fit_seconds,metric_scope,target_definition,prediction_path,prediction_export_scope
DOWJONES_w10,DOWJONES,10,GradientBoosting,25,e8499da06c5ad0f3,learning_rate=0.16 max_depth=2 n_estimators=100 subsample=0.8,"{""learning_rate"": 0.16, ""max_depth"": 2, ""n_estimators"": 100, ""subsample"": 0.8}",416.06580931917426,505.29789665923374,0.8916277651848762,221,416.06580931917426,505.29789665923374,0.8916277651848762,221,1.2777994465581037,1.5518443434577773,1.2862713044205305,0.031134713991909542,221,297.7022012484181,415.6056385876021,0.9931679869229999,813,297.7022012484181,415.6056385876021,0.9931679869229999,813,0.7396700341525023,1.0326125759196,0.7386714727286061,-0.09449819253057798,813,0.012473419364055341,selection=one_step_index_level; presentation=index_level_and_relative_error,one_step_index_level,/Users/jimyhc/Desktop/research/quantum_index/root/outputs/03_major_index_classical_ml_rolling/predictions/DOWJONES_w10_GradientBoosting_e8499da06c5ad0f3.csv,all_logged
DOWJONES_w10,DOWJONES,10,RandomForest,7,cb02c1136792f10c,max_depth=None max_features=0.8 min_samples_leaf=1 n_estimators=100,"{""max_depth"": null, ""max_features"": 0.8, ""min_samples_leaf"": 1, ""n_estimators"": 100}",415.9383008696268,509.5808760818382,0.8897828211139904,221,415.9383008696268,509.5808760818382,0.8897828211139904,221,1.27740784930927,1.564998004761452,1.2883876732495674,0.046421837691550394,221,302.783603359471,417.7200205567708,0.9930982947464844,813,302.783603359471,417.7200205567708,0.9930982947464844,813,0.7522952712426667,1.0378659632872045,0.7535664863181735,-0.11100564632965239,813,0.02942444030618798,selection=one_step_index_level; presentation=index_level_and_relative_error,one_step_index_level,/Users/jimyhc/Desktop/research/quantum_index/root/outputs/03_major_index_classical_ml_rolling/predictions/DOWJONES_w10_RandomForest_cb02c1136792f10c.csv,all_logged
DOWJONES_w10,DOWJONES,10,SVR,34,cc4c82a5255cfd43,C=10.0 epsilon=0.1 gamma=0.01,"{""C"": 10.0, ""epsilon"": 0.1, ""gamma"": 0.01}",414.4689732685277,520.2324952624921,0.8851269901321384,221,414.4689732685277,520.2324952624921,0.8851269901321384,221,1.272895327603703,1.5977106977757107,1.2821384337530808,0.1368051623453832,221,301.8630567359444,429.5058139444457,0.9927033431802147,813,301.8630567359444,429.5058139444457,0.9927033431802147,813,0.7500080837458745,1.0671489116867072,0.7508489074561217,-0.04491563132497908,813,0.0006161207406163229,selection=one_step_index_level; presentation=index_level_and_relative_error,one_step_index_level,/Users/jimyhc/Desktop/research/quantum_index/root/outputs/03_major_index_classical_ml_rolling/predictions/DOWJONES_w10_SVR_cc4c82a5255cfd43.csv,all_logged
DOWJONES_w10,DOWJONES,10,XGBoost,31,7d8dcd0460564cc4,learning_rate=0.16 max_depth=3 n_estimators=100 subsample=0.8,"{""learning_rate"": 0.16, ""max_depth"": 3, ""n_estimators"": 100, ""subsample"": 0.8}",400.60813772624437,505.1218220680864,0.8917032781545715,221,400.60813772624437,505.1218220680864,0.8917032781545715,221,1.2303266579652523,1.5513035924273353,1.2413945274288118,0.07979131660803825,221,303.90077980857933,430.7287144996716,0.9926617335516073,813,303.90077980857933,430.7287144996716,0.9926617335516073,813,0.7550710046393331,1.0701873268937694,0.7540171846565428,-0.08669835400228112,813,0.004264861874001294,selection=one_step_index_level; presentation=index_level_and_relative_error,one_step_index_level,/Users/jimyhc/Desktop/research/quantum_index/root/outputs/03_major_index_classical_ml_rolling/predictions/DOWJONES_w10_XGBoost_7d8dcd0460564cc4.csv,all_logged
DOWJONES_w20,DOWJONES,20,SVR,28,00f2c7c3b40f1730,C=10.0 epsilon=0.01 gamma=0.01,"{""C"": 10.0, ""epsilon"": 0.01, ""gamma"": 0.01}",416.7731982209394,523.4459505832019,0.8835528633224159,211,416.7731982209394,523.4459505832019,0.8835528633224159,211,1.282567099999953,1.6108390791730283,1.2947465474930306,0.15047705948074833,211,331.70670257291704,456.20449429128325,0.9917680078875052,813,331.70670257291704,456.20449429128325,0.9917680078875052,813,0.8241575204745896,1.1334843761916982,0.8198119634671814,-0.12792956080706502,813,0.0006125886070548797,selection=one_step_index_level; presentation=index_level_and_relative_error,one_step_index_level,/Users/jimyhc/Desktop/research/quantum_index/root/outputs/03_major_index_classical_ml_rolling/predictions/DOWJONES_w20_SVR_00f2c7c3b40f1730.csv,all_logged
DOWJONES_w20,DOWJONES,20,GradientBoosting,3,33f909e150dad66d,learning_rate=0.04 max_depth=2 n_estimators=300 subsample=0.8,"{""learning_rate"": 0.04, ""max_depth"": 2, ""n_estimators"": 300, ""subsample"": 0.8}",422.9836903484217,541.7672240979724,0.875258609668976,211,422.9836903484217,541.7672240979724,0.875258609668976,211,1.3016791084292834,1.6672204941499298,1.3131979944737888,0.07353355621290897,211,334.44613071167254,472.76209378624975,0.9911596161681845,813,334.44613071167254,472.76209378624975,0.9911596161681845,813,0.8309638957598725,1.174623340339651,0.8258845963299993,-0.17712890777672055,813,0.03750571900036444,selection=one_step_index_level; presentation=index_level_and_relative_error,one_step_index_level,/Users/jimyhc/Desktop/research/quantum_index/root/outputs/03_major_index_classical_ml_rolling/predictions/DOWJONES_w20_GradientBoosting_33f909e150dad66d.csv,all_logged
DOWJONES_w20,DOWJONES,20,RandomForest,19,4fed66cd3f5ddd7a,max_depth=4 max_features=0.8 min_samples_leaf=1 n_estimators=100,"{""max_depth"": 4, ""max_features"": 0.8, ""min_samples_leaf"": 1, ""n_estimators"": 100}",450.830467838906,572.0985486785696,0.8609001001369283,211,450.830467838906,572.0985486785696,0.8609001001369283,211,1.3873740638697265,1.7605613307789474,1.4010012561673115,0.12131132212715078,211,347.7573192841618,474.1267311485528,0.9911085066160239,813,347.7573192841618,474.1267311485528,0.9911085066160239,813,0.8640368366542787,1.1780139144104762,0.8594372987299542,-0.20080020814068175,813,0.03007135300731529,selection=one_step_index_level; presentation=index_level_and_relative_error,one_step_index_level,/Users/jimyhc/Desktop/research/quantum_index/root/outputs/03_major_index_classical_ml_rolling/predictions/DOWJONES_w20_RandomForest_4fed66cd3f5ddd7a.csv,all_logged
DOWJONES_w20,DOWJONES,20,XGBoost,23,6ed5493d5a698f10,learning_rate=0.08 max_depth=3 n_estimators=500 subsample=0.8,"{""learning_rate"": 0.08, ""max_depth"": 3, ""n_estimators"": 500, ""subsample"": 0.8}",415.3725933056872,519.0108710803196,0.8855177821330963,211,415.3725933056872,519.0108710803196,0.8855177821330963,211,1.2782569145272096,1.5971906798024296,1.2921189377499864,0.12700292117488768,211,339.84316141989547,478.1842476241894,0.9909556708809982,813,339.84316141989547,478.1842476241894,0.9909556708809982,813,0.8443733427560075,1.1880952081917209,0.8381278252663003,-0.1890537272302251,813,0.018046391311145223,selection=one_step_index_level; presentation=index_level_and_relative_error,one_step_index_level,/Users/jimyhc/Desktop/research/quantum_index/root/outputs/03_major_index_classical_ml_rolling/predictions/DOWJONES_w20_XGBoost_6ed5493d5a698f10.csv,all_logged
NASDAQ_w10,NASDAQ,10,RandomForest,19,4fed66cd3f5ddd7a,max_depth=4 max_features=0.8 min_samples_leaf=1 n_estimators=100,"{""max_depth"": 4, ""max_features"": 0.8, ""min_samples_leaf"": 1, ""n_estimators"": 100}",248.7122320050316,301.0176475068774,0.9261660295223053,221,248.7122320050316,301.0176475068774,0.9261660295223053,221,2.0834178324194452,2.5215709321288684,2.091656651464562,0.4676706379410816,221,194.39359620301767,262.0831295317597,0.9949545872966337,813,194.39359620301767,262.0831295317597,0.9949545872966337,813,1.1203365559998832,1.5104474450826837,1.1429762052879033,-0.2521725930632669,813,0.029241141753281984,selection=one_step_index_level; presentation=index_level_and_relative_error,one_step_index_level,/Users/jimyhc/Desktop/research/quantum_index/root/outputs/03_major_index_classical_ml_rolling/predictions/NASDAQ_w10_RandomForest_4fed66cd3f5ddd7a.csv,all_logged
NASDAQ_w10,NASDAQ,10,GradientBoosting,1,4279e6e80447c71a,learning_rate=0.04 max_depth=2 n_estimators=100 subsample=0.8,"{""learning_rate"": 0.04, ""max_depth"": 2, ""n_estimators"": 100, ""subsample"": 0.8}",246.5156187856067,300.65997309316566,0.9263413868994435,221,246.5156187856067,300.65997309316566,0.9263413868994435,221,2.0650171968118425,2.518574757611356,2.0731290796261383,0.48535968035448446,221,191.13634087299937,262.3162295738063,0.9949456083980054,813,191.13634087299937,262.3162295738063,0.9949456083980054,813,1.1015642183831962,1.5117908560972997,1.1269464475705016,-0.2310607214469598,813,0.012463079234927383,selection=one_step_index_level; presentation=index_level_and_relative_error,one_step_index_level,/Users/jimyhc/Desktop/research/quantum_index/root/outputs/03_major_index_classical_ml_rolling/predictions/NASDAQ_w10_GradientBoosting_4279e6e80447c71a.csv,all_logged
NASDAQ_w10,NASDAQ,10,XGBoost,3,7ac97a76e1282f23,learning_rate=0.04 max_depth=2 n_estimators=300 subsample=0.8,"{""learning_rate"": 0.04, ""max_depth"": 2, ""n_estimators"": 300, ""subsample"": 0.8}",243.93567502121041,300.34730243392175,0.9264945094546067,221,243.93567502121041,300.34730243392175,0.9264945094546067,221,2.0434054698692212,2.515955571486526,2.0568165897271493,0.4221782075273901,221,197.55238963522447,268.36141927830874,0.9947099628198709,813,197.55238963522447,268.36141927830874,0.9947099628198709,813,1.1385414342678777,1.546630722976634,1.1624786340494273,-0.2314967094431678,813,0.00844131614580544,selection=one_step_index_level; presentation=index_level_and_relative_error,one_step_index_level,/Users/jimyhc/Desktop/research/quantum_index/root/outputs/03_major_index_classical_ml_rolling/predictions/NASDAQ_w10_XGBoost_7ac97a76e1282f23.csv,all_logged
NASDAQ_w10,NASDAQ,10,SVR,34,cc4c82a5255cfd43,C=10.0 epsilon=0.1 gamma=0.01,"{""C"": 10.0, ""epsilon"": 0.1, ""gamma"": 0.01}",240.78453982040892,295.74846147880845,0.928728270611928,221,240.78453982040892,295.74846147880845,0.928728270611928,221,2.017008974542921,2.4774319042864743,2.0205411582967265,0.3471718669793887,221,199.66368905102928,279.1126969174834,0.9942776060808202,813,199.66368905102928,279.1126969174834,0.9942776060808202,813,1.1507093552405265,1.6085928945611963,1.180390023984857,-0.19248967566513236,813,0.0005905651991800897,selection=one_step_index_level; presentation=index_level_and_relative_error,one_step_index_level,/Users/jimyhc/Desktop/research/quantum_index/root/outputs/03_major_index_classical_ml_rolling/predictions/NASDAQ_w10_SVR_cc4c82a5255cfd43.csv,all_logged
NASDAQ_w20,NASDAQ,20,SVR,34,cc4c82a5255cfd43,C=10.0 epsilon=0.1 gamma=0.01,"{""C"": 10.0, ""epsilon"": 0.1, ""gamma"": 0.01}",245.64880640195722,309.3848616062985,0.9158068723389946,211,245.64880640195722,309.3848616062985,0.9158068723389946,211,2.071757218738362,2.6092954807701885,2.07746657086137,0.5456282627365808,211,219.6627839932185,294.60627304798476,0.9936246718391547,813,219.6627839932185,294.60627304798476,0.9936246718391547,813,1.265968898704331,1.697886060906243,1.289218984225371,-0.3394647142070445,813,0.0006220052887328574,selection=one_step_index_level; presentation=index_level_and_relative_error,one_step_index_level,/Users/jimyhc/Desktop/research/quantum_index/root/outputs/03_major_index_classical_ml_rolling/predictions/NASDAQ_w20_SVR_cc4c82a5255cfd43.csv,all_logged
NASDAQ_w20,NASDAQ,20,GradientBoosting,13,dcb8076b850ef5d4,learning_rate=0.08 max_depth=2 n_estimators=100 subsample=0.8,"{""learning_rate"": 0.08, ""max_depth"": 2, ""n_estimators"": 100, ""subsample"": 0.8}",244.55262813655852,305.20450179064284,0.9180667099279194,211,244.55262813655852,305.20450179064284,0.9180667099279194,211,2.06251225122711,2.574039088720651,2.074942211657,0.5499658678561964,211,218.57086573710214,298.1666725458582,0.9934696454365032,813,218.57086573710214,298.1666725458582,0.9934696454365032,813,1.2596759139435922,1.718405490503427,1.2807209509023625,-0.36762599688934317,813,0.012887524576399252,selection=one_step_index_level; presentation=index_level_and_relative_error,one_step_index_level,/Users/jimyhc/Desktop/research/quantum_index/root/outputs/03_major_index_classical_ml_rolling/predictions/NASDAQ_w20_GradientBoosting_dcb8076b850ef5d4.csv,all_logged
NASDAQ_w20,NASDAQ,20,RandomForest,19,4fed66cd3f5ddd7a,max_depth=4 max_features=0.8 min_samples_leaf=1 n_estimators=100,"{""max_depth"": 4, ""max_features"": 0.8, ""min_samples_leaf"": 1, ""n_estimators"": 100}",247.9959717750918,309.78004879435827,0.91559164981695,211,247.9959717750918,309.78004879435827,0.91559164981695,211,2.091552783294891,2.612628417419089,2.104423650061196,0.6844151637766744,211,226.00429291997318,300.3127546270962,0.9933753014727291,813,226.00429291997318,300.3127546270962,0.9933753014727291,813,1.3025165237784773,1.7307738722544195,1.3275593194696298,-0.41523721091011967,813,0.02973104571856306,selection=one_step_index_level; presentation=index_level_and_relative_error,one_step_index_level,/Users/jimyhc/Desktop/research/quantum_index/root/outputs/03_major_index_classical_ml_rolling/predictions/NASDAQ_w20_RandomForest_4fed66cd3f5ddd7a.csv,all_logged
NASDAQ_w20,NASDAQ,20,XGBoost,19,c9516dc814c04ddd,learning_rate=0.08 max_depth=3 n_estimators=100 subsample=0.8,"{""learning_rate"": 0.08, ""max_depth"": 3, ""n_estimators"": 100, ""subsample"": 0.8}",255.6660850488744,323.2032512383983,0.9081181002986606,211,255.6660850488744,323.2032512383983,0.9081181002986606,211,2.1562411193639788,2.725837257996646,2.169042958343725,0.5300486344961618,211,225.47814205681118,307.16714210981894,0.9930694439783105,813,225.47814205681118,307.16714210981894,0.9930694439783105,813,1.2994841911426034,1.7702773384995854,1.3246352274249973,-0.3850224606323546,813,0.004665425060466028,selection=one_step_index_level; presentation=index_level_and_relative_error,one_step_index_level,/Users/jimyhc/Desktop/research/quantum_index/root/outputs/03_major_index_classical_ml_rolling/predictions/NASDAQ_w20_XGBoost_c9516dc814c04ddd.csv,all_logged
RUSSELL3000_w10,RUSSELL3000,10,RandomForest,7,cb02c1136792f10c,max_depth=None max_features=0.8 min_samples_leaf=1 n_estimators=100,"{""max_depth"": null, ""max_features"": 0.8, ""min_samples_leaf"": 1, ""n_estimators"": 100}",37.54829545655401,45.50771124102103,0.906512535996848,221,37.54829545655401,45.50771124102103,0.906512535996848,221,1.6058290462534237,1.9462296131098913,1.6149039303608135,0.2142609907285354,221,26.182997218058123,36.01111096465178,0.9951792254433033,813,26.182997218058123,36.01111096465178,0.9951792254433033,813,0.8454412376444079,1.1627881242682003,0.8614382893858487,-0.16611574478340752,813,0.029255550984757937,selection=one_step_index_level; presentation=index_level_and_relative_error,one_step_index_level,/Users/jimyhc/Desktop/research/quantum_index/root/outputs/03_major_index_classical_ml_rolling/predictions/RUSSELL3000_w10_RandomForest_cb02c1136792f10c.csv,all_logged
RUSSELL3000_w10,RUSSELL3000,10,GradientBoosting,1,4279e6e80447c71a,learning_rate=0.04 max_depth=2 n_estimators=100 subsample=0.8,"{""learning_rate"": 0.04, ""max_depth"": 2, ""n_estimators"": 100, ""subsample"": 0.8}",38.102080533847825,46.50128004919765,0.9023857532136483,221,38.102080533847825,46.50128004919765,0.9023857532136483,221,1.6295127887958532,1.9887215992898641,1.6359388270265078,0.17427848799698087,221,25.727341159109862,36.469652640260094,0.9950556747017764,813,25.727341159109862,36.469652640260094,0.9950556747017764,813,0.8307282382421965,1.1775942993790642,0.8445683489178842,-0.1481909159361946,813,0.012356225243540759,selection=one_step_index_level; presentation=index_level_and_relative_error,one_step_index_level,/Users/jimyhc/Desktop/research/quantum_index/root/outputs/03_major_index_classical_ml_rolling/predictions/RUSSELL3000_w10_GradientBoosting_4279e6e80447c71a.csv,all_logged
RUSSELL3000_w10,RUSSELL3000,10,XGBoost,3,7ac97a76e1282f23,learning_rate=0.04 max_depth=2 n_estimators=300 subsample=0.8,"{""learning_rate"": 0.04, ""max_depth"": 2, ""n_estimators"": 300, ""subsample"": 0.8}",37.00836264493778,46.3127557790478,0.9031756390332336,221,37.00836264493778,46.3127557790478,0.9031756390332336,221,1.5827377239609952,1.9806589763332334,1.5924612840085088,0.22432077049893398,221,26.219618756246156,37.15018268972796,0.9948694291406108,813,26.219618756246156,37.15018268972796,0.9948694291406108,813,0.8466237362832109,1.1995684134380733,0.8563989447856761,-0.1491540758236325,813,0.008430803270751066,selection=one_step_index_level; presentation=index_level_and_relative_error,one_step_index_level,/Users/jimyhc/Desktop/research/quantum_index/root/outputs/03_major_index_classical_ml_rolling/predictions/RUSSELL3000_w10_XGBoost_7ac97a76e1282f23.csv,all_logged
RUSSELL3000_w10,RUSSELL3000,10,SVR,34,cc4c82a5255cfd43,C=10.0 epsilon=0.1 gamma=0.01,"{""C"": 10.0, ""epsilon"": 0.1, ""gamma"": 0.01}",37.214649196710766,45.55477401871706,0.9063190718704796,221,37.214649196710766,45.55477401871706,0.9063190718704796,221,1.5915599869335397,1.94824234829541,1.5973732104461675,0.21012499530625914,221,26.73637931848822,38.099458418288464,0.9946038826340754,813,26.73637931848822,38.099458418288464,0.9946038826340754,813,0.863309782027677,1.2302202460046854,0.8797184921918949,-0.1346843689833347,813,0.0006000718846736512,selection=one_step_index_level; presentation=index_level_and_relative_error,one_step_index_level,/Users/jimyhc/Desktop/research/quantum_index/root/outputs/03_major_index_classical_ml_rolling/predictions/RUSSELL3000_w10_SVR_cc4c82a5255cfd43.csv,all_logged
RUSSELL3000_w20,RUSSELL3000,20,SVR,34,cc4c82a5255cfd43,C=10.0 epsilon=0.1 gamma=0.01,"{""C"": 10.0, ""epsilon"": 0.1, ""gamma"": 0.01}",37.2385628467556,45.80282571638929,0.9006962932685731,211,37.2385628467556,45.80282571638929,0.9006962932685731,211,1.599051568694586,1.966807382278399,1.6095665596666033,0.293156310355242,211,28.84932062118018,39.24294279563238,0.994275113021905,813,28.84932062118018,39.24294279563238,0.994275113021905,813,0.9315360318775546,1.267143018411426,0.9467548008405696,-0.20819223651404958,813,0.0006207413534866141,selection=one_step_index_level; presentation=index_level_and_relative_error,one_step_index_level,/Users/jimyhc/Desktop/research/quantum_index/root/outputs/03_major_index_classical_ml_rolling/predictions/RUSSELL3000_w20_SVR_cc4c82a5255cfd43.csv,all_logged
RUSSELL3000_w20,RUSSELL3000,20,GradientBoosting,7,5708720c56ae8c36,learning_rate=0.04 max_depth=3 n_estimators=100 subsample=0.8,"{""learning_rate"": 0.04, ""max_depth"": 3, ""n_estimators"": 100, ""subsample"": 0.8}",38.928789910509046,47.86677009391135,0.8915451037088882,211,38.928789910509046,47.86677009391135,0.8915451037088882,211,1.6716311751865822,2.0554346880140324,1.682942115958378,0.16428292214490572,211,29.019546481968895,40.2809787731394,0.9939682433443918,813,29.019546481968895,40.2809787731394,0.9939682433443918,813,0.9370325745852411,1.300660893169389,0.9543412957539059,-0.2649703750433516,813,0.0134179393326121,selection=one_step_index_level; presentation=index_level_and_relative_error,one_step_index_level,/Users/jimyhc/Desktop/research/quantum_index/root/outputs/03_major_index_classical_ml_rolling/predictions/RUSSELL3000_w20_GradientBoosting_5708720c56ae8c36.csv,all_logged
RUSSELL3000_w20,RUSSELL3000,20,XGBoost,23,6ed5493d5a698f10,learning_rate=0.08 max_depth=3 n_estimators=500 subsample=0.8,"{""learning_rate"": 0.08, ""max_depth"": 3, ""n_estimators"": 500, ""subsample"": 0.8}",39.82287192683649,49.23165671601548,0.8852718957205885,211,39.82287192683649,49.23165671601548,0.8852718957205885,211,1.7100237215539988,2.114043934110543,1.7222167803009114,0.14360195140096385,211,28.976935467596864,40.28832334795873,0.9939660435603672,813,28.976935467596864,40.28832334795873,0.9939660435603672,813,0.9356566775315941,1.3008980473184542,0.9469754444626118,-0.25442719883482073,813,0.018290386373337193,selection=one_step_index_level; presentation=index_level_and_relative_error,one_step_index_level,/Users/jimyhc/Desktop/research/quantum_index/root/outputs/03_major_index_classical_ml_rolling/predictions/RUSSELL3000_w20_XGBoost_6ed5493d5a698f10.csv,all_logged
RUSSELL3000_w20,RUSSELL3000,20,RandomForest,31,87a5caa490b74c4a,max_depth=8 max_features=0.8 min_samples_leaf=1 n_estimators=100,"{""max_depth"": 8, ""max_features"": 0.8, ""min_samples_leaf"": 1, ""n_estimators"": 100}",39.51028557433599,48.73817282634314,0.8875603711181355,211,39.51028557433599,48.73817282634314,0.8875603711181355,211,1.6966010312268938,2.0928533690730733,1.710344266383289,0.27935749824017275,211,30.241251178761793,40.46014600781694,0.9939144662704238,813,30.241251178761793,40.46014600781694,0.9939144662704238,813,0.9764810579766006,1.3064461501959082,0.9952017776397665,-0.2907558856521609,813,0.030146969072120507,selection=one_step_index_level; presentation=index_level_and_relative_error,one_step_index_level,/Users/jimyhc/Desktop/research/quantum_index/root/outputs/03_major_index_classical_ml_rolling/predictions/RUSSELL3000_w20_RandomForest_87a5caa490b74c4a.csv,all_logged
SP500_w10,SP500,10,RandomForest,7,cb02c1136792f10c,max_depth=None max_features=0.8 min_samples_leaf=1 n_estimators=100,"{""max_depth"": null, ""max_features"": 0.8, ""min_samples_leaf"": 1, ""n_estimators"": 100}",62.60888819905968,76.13762170183269,0.9072557813817534,221,62.60888819905968,76.13762170183269,0.9072557813817534,221,1.5508018138651412,1.8859041461201578,1.5602081264361352,0.20559775565320323,221,45.22397566341385,61.97757179642226,0.9955570962130548,813,45.22397566341385,61.97757179642226,0.9955570962130548,813,0.8339050919686644,1.142832136067635,0.849016430286636,-0.1787015448833971,813,0.029550176008462107,selection=one_step_index_level; presentation=index_level_and_relative_error,one_step_index_level,/Users/jimyhc/Desktop/research/quantum_index/root/outputs/03_major_index_classical_ml_rolling/predictions/SP500_w10_RandomForest_cb02c1136792f10c.csv,all_logged
SP500_w10,SP500,10,GradientBoosting,1,4279e6e80447c71a,learning_rate=0.04 max_depth=2 n_estimators=100 subsample=0.8,"{""learning_rate"": 0.04, ""max_depth"": 2, ""n_estimators"": 100, ""subsample"": 0.8}",62.31536900405123,76.74925834272567,0.9057597112733328,221,62.31536900405123,76.74925834272567,0.9057597112733328,221,1.5435314387935364,1.9010541869435544,1.550217151778877,0.16356327546614932,221,44.310370707200995,62.38582164351268,0.9954983721104371,813,44.310370707200995,62.38582164351268,0.9954983721104371,813,0.8170587220098625,1.1503600373918776,0.8321018015854909,-0.16348633837667104,813,0.012773349827130203,selection=one_step_index_level; presentation=index_level_and_relative_error,one_step_index_level,/Users/jimyhc/Desktop/research/quantum_index/root/outputs/03_major_index_classical_ml_rolling/predictions/SP500_w10_GradientBoosting_4279e6e80447c71a.csv,all_logged
SP500_w10,SP500,10,XGBoost,25,20f373bc5f279647,learning_rate=0.16 max_depth=2 n_estimators=100 subsample=0.8,"{""learning_rate"": 0.16, ""max_depth"": 2, ""n_estimators"": 100, ""subsample"": 0.8}",61.37381906638858,76.14129748241653,0.9072468261341472,221,61.37381906638858,76.14129748241653,0.9072468261341472,221,1.5202095528253747,1.8859951940106534,1.528729111785893,0.17969803966644313,221,45.72480937211716,64.20379211998889,0.9952321876519034,813,45.72480937211716,64.20379211998889,0.9952321876519034,813,0.8431401884808692,1.1838824072221061,0.8572337874975676,-0.16654904101093493,813,0.0038262615772954468,selection=one_step_index_level; presentation=index_level_and_relative_error,one_step_index_level,/Users/jimyhc/Desktop/research/quantum_index/root/outputs/03_major_index_classical_ml_rolling/predictions/SP500_w10_XGBoost_20f373bc5f279647.csv,all_logged
SP500_w10,SP500,10,SVR,34,cc4c82a5255cfd43,C=10.0 epsilon=0.1 gamma=0.01,"{""C"": 10.0, ""epsilon"": 0.1, ""gamma"": 0.01}",62.355287271261886,76.54434514443209,0.9062622646534745,221,62.355287271261886,76.54434514443209,0.9062622646534745,221,1.5445202012995853,1.8959785536151321,1.5512924404597928,0.2141985418861995,221,45.639673208570365,64.99533740391159,0.9951139017058932,813,45.639673208570365,64.99533740391159,0.9951139017058932,813,0.8415703247249549,1.1984780643509623,0.8577402645216723,-0.13118977847852653,813,0.0006163576631346928,selection=one_step_index_level; presentation=index_level_and_relative_error,one_step_index_level,/Users/jimyhc/Desktop/research/quantum_index/root/outputs/03_major_index_classical_ml_rolling/predictions/SP500_w10_SVR_cc4c82a5255cfd43.csv,all_logged
SP500_w20,SP500,20,SVR,28,00f2c7c3b40f1730,C=10.0 epsilon=0.01 gamma=0.01,"{""C"": 10.0, ""epsilon"": 0.01, ""gamma"": 0.01}",62.562388379929935,77.73742381288568,0.8995495900626742,211,62.562388379929935,77.73742381288568,0.8995495900626742,211,1.5554696038818505,1.9327618870735996,1.567172816910429,0.2640642477191393,211,49.42929561813612,67.19056865385274,0.9947782698125197,813,49.42929561813612,67.19056865385274,0.9947782698125197,813,0.9114488654241537,1.2389569141318677,0.9263163672522386,-0.21348670349854024,813,0.0006169475145724797,selection=one_step_index_level; presentation=index_level_and_relative_error,one_step_index_level,/Users/jimyhc/Desktop/research/quantum_index/root/outputs/03_major_index_classical_ml_rolling/predictions/SP500_w20_SVR_00f2c7c3b40f1730.csv,all_logged
SP500_w20,SP500,20,RandomForest,31,87a5caa490b74c4a,max_depth=8 max_features=0.8 min_samples_leaf=1 n_estimators=100,"{""max_depth"": 8, ""max_features"": 0.8, ""min_samples_leaf"": 1, ""n_estimators"": 100}",67.44315622724437,83.56118967310725,0.8839351661593982,211,67.44315622724437,83.56118967310725,0.8839351661593982,211,1.6768186480391376,2.0775564035598904,1.6893188665330416,0.26268760239395206,211,52.26409920337484,69.47517028798879,0.9944171361842172,813,52.26409920337484,69.47517028798879,0.9944171361842172,813,0.963721075237278,1.2810837043549406,0.9821350546541059,-0.3169207127547511,813,0.03011788183221138,selection=one_step_index_level; presentation=index_level_and_relative_error,one_step_index_level,/Users/jimyhc/Desktop/research/quantum_index/root/outputs/03_major_index_classical_ml_rolling/predictions/SP500_w20_RandomForest_87a5caa490b74c4a.csv,all_logged
SP500_w20,SP500,20,GradientBoosting,13,dcb8076b850ef5d4,learning_rate=0.08 max_depth=2 n_estimators=100 subsample=0.8,"{""learning_rate"": 0.08, ""max_depth"": 2, ""n_estimators"": 100, ""subsample"": 0.8}",65.49782670166309,81.3373383758846,0.8900307308944727,211,65.49782670166309,81.3373383758846,0.8900307308944727,211,1.6284525126512133,2.0222654662098587,1.636065742478269,0.19198256602515254,211,50.507817481022954,70.05895926247636,0.994322918130142,813,50.507817481022954,70.05895926247636,0.994322918130142,813,0.9313362119050264,1.2918484500748573,0.9487777288735645,-0.2853755060297031,813,0.013138447807705185,selection=one_step_index_level; presentation=index_level_and_relative_error,one_step_index_level,/Users/jimyhc/Desktop/research/quantum_index/root/outputs/03_major_index_classical_ml_rolling/predictions/SP500_w20_GradientBoosting_dcb8076b850ef5d4.csv,all_logged
SP500_w20,SP500,20,XGBoost,23,6ed5493d5a698f10,learning_rate=0.08 max_depth=3 n_estimators=500 subsample=0.8,"{""learning_rate"": 0.08, ""max_depth"": 3, ""n_estimators"": 500, ""subsample"": 0.8}",66.45398469897808,82.61541527541048,0.8865476214120459,211,66.45398469897808,82.61541527541048,0.8865476214120459,211,1.6522251776636177,2.0540419028216332,1.6642405507848888,0.18589752264687068,211,50.52774254305043,70.78910678256025,0.9942039695405361,813,50.52774254305043,70.78910678256025,0.9942039695405361,813,0.9317036190256687,1.305311966405617,0.9417870391757363,-0.30326397866874616,813,0.01802562570810546,selection=one_step_index_level; presentation=index_level_and_relative_error,one_step_index_level,/Users/jimyhc/Desktop/research/quantum_index/root/outputs/03_major_index_classical_ml_rolling/predictions/SP500_w20_XGBoost_6ed5493d5a698f10.csv,all_logged
